image_name,focus_id,x,y
RPE1wt_CEP152+GTU88+PCNT_1_003_001_max_C1_mask,0,2005,633
RPE1wt_CEP152+GTU88+PCNT_1_003_001_max_C1_mask,1,2003,639
RPE1wt_CEP152+GTU88+PCNT_1_003_001_max_C1_mask,2,1952,218
RPE1wt_CEP152+GTU88+PCNT_1_003_001_max_C1_mask,3,1944,216
RPE1wt_CEP152+GTU88+PCNT_1_003_001_max_C1_mask,4,1903,1038
RPE1wt_CEP152+GTU88+PCNT_1_003_001_max_C1_mask,5,1771,1475
RPE1wt_CEP152+GTU88+PCNT_1_003_001_max_C1_mask,6,1702,1848
RPE1wt_CEP152+GTU88+PCNT_1_003_001_max_C1_mask,7,1699,1850
RPE1wt_CEP152+GTU88+PCNT_1_003_001_max_C1_mask,8,1664,397
RPE1wt_CEP152+GTU88+PCNT_1_003_001_max_C1_mask,9,1658,401
RPE1wt_CEP152+GTU88+PCNT_1_003_001_max_C1_mask,10,1635,2039
RPE1wt_CEP152+GTU88+PCNT_1_003_001_max_C1_mask,11,1615,1383
RPE1wt_CEP152+GTU88+PCNT_1_003_001_max_C1_mask,12,1599,1383
RPE1wt_CEP152+GTU88+PCNT_1_003_001_max_C1_mask,13,1594,1938
RPE1wt_CEP152+GTU88+PCNT_1_003_001_max_C1_mask,14,1566,734
RPE1wt_CEP152+GTU88+PCNT_1_003_001_max_C1_mask,15,1562,742
RPE1wt_CEP152+GTU88+PCNT_1_003_001_max_C1_mask,16,1530,1748
RPE1wt_CEP152+GTU88+PCNT_1_003_001_max_C1_mask,17,1524,1732
RPE1wt_CEP152+GTU88+PCNT_1_003_001_max_C1_mask,18,1519,1730
RPE1wt_CEP152+GTU88+PCNT_1_003_001_max_C1_mask,19,1515,1518
RPE1wt_CEP152+GTU88+PCNT_1_003_001_max_C1_mask,20,1508,1517
RPE1wt_CEP152+GTU88+PCNT_1_003_001_max_C1_mask,21,1313,1993
RPE1wt_CEP152+GTU88+PCNT_1_003_001_max_C1_mask,22,1131,1976
RPE1wt_CEP152+GTU88+PCNT_1_003_001_max_C1_mask,23,1128,1971
RPE1wt_CEP152+GTU88+PCNT_1_003_001_max_C1_mask,24,1103,328
RPE1wt_CEP152+GTU88+PCNT_1_003_001_max_C1_mask,25,899,1727
RPE1wt_CEP152+GTU88+PCNT_1_003_001_max_C1_mask,26,894,1723
RPE1wt_CEP152+GTU88+PCNT_1_003_001_max_C1_mask,27,873,900
RPE1wt_CEP152+GTU88+PCNT_1_003_001_max_C1_mask,28,814,1813
RPE1wt_CEP152+GTU88+PCNT_1_003_001_max_C1_mask,29,811,1816
RPE1wt_CEP152+GTU88+PCNT_1_003_001_max_C1_mask,30,662,1024
RPE1wt_CEP152+GTU88+PCNT_1_003_001_max_C1_mask,31,660,1021
RPE1wt_CEP152+GTU88+PCNT_1_003_001_max_C1_mask,32,631,597
RPE1wt_CEP152+GTU88+PCNT_1_003_001_max_C1_mask,33,624,1369
RPE1wt_CEP152+GTU88+PCNT_1_003_001_max_C1_mask,34,620,1376
RPE1wt_CEP152+GTU88+PCNT_1_003_001_max_C1_mask,35,507,1926
RPE1wt_CEP152+GTU88+PCNT_1_003_001_max_C1_mask,36,448,729
RPE1wt_CEP152+GTU88+PCNT_1_003_001_max_C1_mask,37,447,2036
RPE1wt_CEP152+GTU88+PCNT_1_003_001_max_C1_mask,38,441,728
RPE1wt_CEP152+GTU88+PCNT_1_003_001_max_C1_mask,39,425,396
RPE1wt_CEP152+GTU88+PCNT_1_003_001_max_C1_mask,40,271,1367
RPE1wt_CEP152+GTU88+PCNT_1_003_001_max_C1_mask,41,267,1363
RPE1wt_CEP152+GTU88+PCNT_1_003_001_max_C1_mask,42,233,926
RPE1wt_CEP152+GTU88+PCNT_1_003_001_max_C1_mask,43,232,931
RPE1wt_CEP152+GTU88+PCNT_1_003_001_max_C1_mask,44,230,928
RPE1wt_CEP152+GTU88+PCNT_1_003_001_max_C1_mask,45,229,924
RPE1wt_CEP152+GTU88+PCNT_1_003_001_max_C1_mask,46,170,376
RPE1wt_CEP152+GTU88+PCNT_1_003_001_max_C1_mask,47,156,383
RPE1wt_CEP152+GTU88+PCNT_1_003_001_max_C1_mask,48,87,1887
RPE1wt_CEP152+GTU88+PCNT_1_003_001_max_C1_mask,49,82,1892
RPE1wt_CEP63+CETN2+PCNT_1_004_002_max_C3_mask,0,2035,879
RPE1wt_CEP63+CETN2+PCNT_1_004_002_max_C3_mask,1,2008,436
RPE1wt_CEP63+CETN2+PCNT_1_004_002_max_C3_mask,2,1969,1738
RPE1wt_CEP63+CETN2+PCNT_1_004_002_max_C3_mask,3,1971,6
RPE1wt_CEP63+CETN2+PCNT_1_004_002_max_C3_mask,4,1961,187
RPE1wt_CEP63+CETN2+PCNT_1_004_002_max_C3_mask,5,1864,607
RPE1wt_CEP63+CETN2+PCNT_1_004_002_max_C3_mask,6,1859,604
RPE1wt_CEP63+CETN2+PCNT_1_004_002_max_C3_mask,7,1795,1481
RPE1wt_CEP63+CETN2+PCNT_1_004_002_max_C3_mask,8,1795,1213
RPE1wt_CEP63+CETN2+PCNT_1_004_002_max_C3_mask,9,1795,1486
RPE1wt_CEP63+CETN2+PCNT_1_004_002_max_C3_mask,10,1795,1216
RPE1wt_CEP63+CETN2+PCNT_1_004_002_max_C3_mask,11,1787,1207
RPE1wt_CEP63+CETN2+PCNT_1_004_002_max_C3_mask,12,1714,825
RPE1wt_CEP63+CETN2+PCNT_1_004_002_max_C3_mask,13,1710,829
RPE1wt_CEP63+CETN2+PCNT_1_004_002_max_C3_mask,14,1639,1630
RPE1wt_CEP63+CETN2+PCNT_1_004_002_max_C3_mask,15,1638,1637
RPE1wt_CEP63+CETN2+PCNT_1_004_002_max_C3_mask,16,1634,149
RPE1wt_CEP63+CETN2+PCNT_1_004_002_max_C3_mask,17,1541,102
RPE1wt_CEP63+CETN2+PCNT_1_004_002_max_C3_mask,18,1531,1933
RPE1wt_CEP63+CETN2+PCNT_1_004_002_max_C3_mask,19,1504,1405
RPE1wt_CEP63+CETN2+PCNT_1_004_002_max_C3_mask,20,1498,1402
RPE1wt_CEP63+CETN2+PCNT_1_004_002_max_C3_mask,21,1494,1027
RPE1wt_CEP63+CETN2+PCNT_1_004_002_max_C3_mask,22,1488,1026
RPE1wt_CEP63+CETN2+PCNT_1_004_002_max_C3_mask,23,1456,452
RPE1wt_CEP63+CETN2+PCNT_1_004_002_max_C3_mask,24,1450,454
RPE1wt_CEP63+CETN2+PCNT_1_004_002_max_C3_mask,25,1106,372
RPE1wt_CEP63+CETN2+PCNT_1_004_002_max_C3_mask,26,1101,374
RPE1wt_CEP63+CETN2+PCNT_1_004_002_max_C3_mask,27,1055,1095
RPE1wt_CEP63+CETN2+PCNT_1_004_002_max_C3_mask,28,972,1147
RPE1wt_CEP63+CETN2+PCNT_1_004_002_max_C3_mask,29,959,1154
RPE1wt_CEP63+CETN2+PCNT_1_004_002_max_C3_mask,30,906,184
RPE1wt_CEP63+CETN2+PCNT_1_004_002_max_C3_mask,31,873,1099
RPE1wt_CEP63+CETN2+PCNT_1_004_002_max_C3_mask,32,869,1103
RPE1wt_CEP63+CETN2+PCNT_1_004_002_max_C3_mask,33,522,1934
RPE1wt_CEP63+CETN2+PCNT_1_004_002_max_C3_mask,34,510,1918
RPE1wt_CEP63+CETN2+PCNT_1_004_002_max_C3_mask,35,120,1941
RPE1wt_CEP63+CETN2+PCNT_1_004_002_max_C3_mask,36,25,284
RPE1wt_CEP63+CETN2+PCNT_1_004_002_max_C3_mask,37,22,290
RPE1wt_CEP152+GTU88+PCNT_1_002_001_max_C1_mask,0,2014,8
RPE1wt_CEP152+GTU88+PCNT_1_002_001_max_C1_mask,1,2011,1
RPE1wt_CEP152+GTU88+PCNT_1_002_001_max_C1_mask,2,1672,1745
RPE1wt_CEP152+GTU88+PCNT_1_002_001_max_C1_mask,3,1663,1740
RPE1wt_CEP152+GTU88+PCNT_1_002_001_max_C1_mask,4,1550,2041
RPE1wt_CEP152+GTU88+PCNT_1_002_001_max_C1_mask,5,1307,1471
RPE1wt_CEP152+GTU88+PCNT_1_002_001_max_C1_mask,6,1302,1471
RPE1wt_CEP152+GTU88+PCNT_1_002_001_max_C1_mask,7,1283,1838
RPE1wt_CEP152+GTU88+PCNT_1_002_001_max_C1_mask,8,1279,1832
RPE1wt_CEP152+GTU88+PCNT_1_002_001_max_C1_mask,9,1117,1922
RPE1wt_CEP152+GTU88+PCNT_1_002_001_max_C1_mask,10,1107,1919
RPE1wt_CEP152+GTU88+PCNT_1_002_001_max_C1_mask,11,967,1582
RPE1wt_CEP152+GTU88+PCNT_1_002_001_max_C1_mask,12,918,1494
RPE1wt_CEP152+GTU88+PCNT_1_002_001_max_C1_mask,13,916,1502
RPE1wt_CEP152+GTU88+PCNT_1_002_001_max_C1_mask,14,726,1880
RPE1wt_CEP152+GTU88+PCNT_1_002_001_max_C1_mask,15,721,1880
RPE1wt_CEP152+GTU88+PCNT_1_002_001_max_C1_mask,16,710,192
RPE1wt_CEP152+GTU88+PCNT_1_002_001_max_C1_mask,17,630,1562
RPE1wt_CEP152+GTU88+PCNT_1_002_001_max_C1_mask,18,600,1567
RPE1wt_CEP152+GTU88+PCNT_1_002_001_max_C1_mask,19,475,2021
RPE1wt_CEP152+GTU88+PCNT_1_002_001_max_C1_mask,20,470,2018
RPE1wt_CEP152+GTU88+PCNT_1_002_001_max_C1_mask,21,323,1294
RPE1wt_CEP152+GTU88+PCNT_1_002_001_max_C1_mask,22,319,1298
RPE1wt_CEP152+GTU88+PCNT_1_002_001_max_C1_mask,23,180,1055
RPE1wt_CEP152+GTU88+PCNT_1_002_001_max_C1_mask,24,174,1052
RPE1wt_CEP152+GTU88+PCNT_1_002_001_max_C1_mask,25,173,1056
RPE1wt_CEP152+GTU88+PCNT_1_002_001_max_C1_mask,26,99,1645
RPE1wt_CEP152+GTU88+PCNT_1_002_001_max_C1_mask,27,63,1265
RPE1wt_CP110+GTU88+PCNT_2_003_003_max_C1_mask,0,2028,1586
RPE1wt_CP110+GTU88+PCNT_2_003_003_max_C1_mask,1,2029,1576
RPE1wt_CP110+GTU88+PCNT_2_003_003_max_C1_mask,2,2017,2014
RPE1wt_CP110+GTU88+PCNT_2_003_003_max_C1_mask,3,2012,2016
RPE1wt_CP110+GTU88+PCNT_2_003_003_max_C1_mask,4,2012,2020
RPE1wt_CP110+GTU88+PCNT_2_003_003_max_C1_mask,5,1902,342
RPE1wt_CP110+GTU88+PCNT_2_003_003_max_C1_mask,6,1899,339
RPE1wt_CP110+GTU88+PCNT_2_003_003_max_C1_mask,7,1894,345
RPE1wt_CP110+GTU88+PCNT_2_003_003_max_C1_mask,8,1890,1268
RPE1wt_CP110+GTU88+PCNT_2_003_003_max_C1_mask,9,1859,1310
RPE1wt_CP110+GTU88+PCNT_2_003_003_max_C1_mask,10,1850,1311
RPE1wt_CP110+GTU88+PCNT_2_003_003_max_C1_mask,11,1835,1002
RPE1wt_CP110+GTU88+PCNT_2_003_003_max_C1_mask,12,1829,1005
RPE1wt_CP110+GTU88+PCNT_2_003_003_max_C1_mask,13,1724,1755
RPE1wt_CP110+GTU88+PCNT_2_003_003_max_C1_mask,14,1716,1756
RPE1wt_CP110+GTU88+PCNT_2_003_003_max_C1_mask,15,1609,1247
RPE1wt_CP110+GTU88+PCNT_2_003_003_max_C1_mask,16,1600,1245
RPE1wt_CP110+GTU88+PCNT_2_003_003_max_C1_mask,17,1520,2009
RPE1wt_CP110+GTU88+PCNT_2_003_003_max_C1_mask,18,1514,2012
RPE1wt_CP110+GTU88+PCNT_2_003_003_max_C1_mask,19,1471,2017
RPE1wt_CP110+GTU88+PCNT_2_003_003_max_C1_mask,20,1468,2021
RPE1wt_CP110+GTU88+PCNT_2_003_003_max_C1_mask,21,1461,2027
RPE1wt_CP110+GTU88+PCNT_2_003_003_max_C1_mask,22,1459,2022
RPE1wt_CP110+GTU88+PCNT_2_003_003_max_C1_mask,23,1431,1729
RPE1wt_CP110+GTU88+PCNT_2_003_003_max_C1_mask,24,1431,1722
RPE1wt_CP110+GTU88+PCNT_2_003_003_max_C1_mask,25,1367,1453
RPE1wt_CP110+GTU88+PCNT_2_003_003_max_C1_mask,26,1360,1451
RPE1wt_CP110+GTU88+PCNT_2_003_003_max_C1_mask,27,1356,1284
RPE1wt_CP110+GTU88+PCNT_2_003_003_max_C1_mask,28,1252,1292
RPE1wt_CP110+GTU88+PCNT_2_003_003_max_C1_mask,29,1246,1291
RPE1wt_CP110+GTU88+PCNT_2_003_003_max_C1_mask,30,1169,1803
RPE1wt_CP110+GTU88+PCNT_2_003_003_max_C1_mask,31,1163,1805
RPE1wt_CP110+GTU88+PCNT_2_003_003_max_C1_mask,32,1155,901
RPE1wt_CP110+GTU88+PCNT_2_003_003_max_C1_mask,33,1033,1112
RPE1wt_CP110+GTU88+PCNT_2_003_003_max_C1_mask,34,1033,1107
RPE1wt_CP110+GTU88+PCNT_2_003_003_max_C1_mask,35,874,1011
RPE1wt_CP110+GTU88+PCNT_2_003_003_max_C1_mask,36,622,846
RPE1wt_CP110+GTU88+PCNT_2_003_003_max_C1_mask,37,615,840
RPE1wt_CP110+GTU88+PCNT_2_003_003_max_C1_mask,38,613,850
RPE1wt_CP110+GTU88+PCNT_2_003_003_max_C1_mask,39,609,849
RPE1wt_CP110+GTU88+PCNT_2_003_003_max_C1_mask,40,586,61
RPE1wt_CP110+GTU88+PCNT_2_003_003_max_C1_mask,41,579,68
RPE1wt_CP110+GTU88+PCNT_2_003_003_max_C1_mask,42,365,653
RPE1wt_CP110+GTU88+PCNT_2_003_003_max_C1_mask,43,133,296
RPE1wt_CP110+GTU88+PCNT_2_003_003_max_C1_mask,44,130,992
RPE1wt_CP110+GTU88+PCNT_2_003_003_max_C1_mask,45,128,998
RPE1wt_CP110+GTU88+PCNT_2_003_003_max_C1_mask,46,111,955
RPE1wt_CP110+GTU88+PCNT_2_003_003_max_C1_mask,47,109,950
RPE1wt_CP110+GTU88+PCNT_2_003_003_max_C1_mask,48,40,1416
RPE1wt_CP110+GTU88+PCNT_2_003_003_max_C1_mask,49,36,1419
RPE1wt_CP110+GTU88+PCNT_2_003_003_max_C1_mask,50,32,1412
RPE1wt_CP110+GTU88+PCNT_2_003_003_max_C1_mask,51,30,1418
RPE1wt_CEP152+GTU88+PCNT_1_001_001_max_C1_mask,0,1674,1634
RPE1wt_CEP152+GTU88+PCNT_1_001_001_max_C1_mask,1,1668,1641
RPE1wt_CEP152+GTU88+PCNT_1_001_001_max_C1_mask,2,1569,897
RPE1wt_CEP152+GTU88+PCNT_1_001_001_max_C1_mask,3,1253,236
RPE1wt_CEP152+GTU88+PCNT_1_001_001_max_C1_mask,4,1146,223
RPE1wt_CEP152+GTU88+PCNT_1_001_001_max_C1_mask,5,1143,219
RPE1wt_CEP152+GTU88+PCNT_1_001_001_max_C1_mask,6,1140,220
RPE1wt_CEP152+GTU88+PCNT_1_001_001_max_C1_mask,7,1065,327
RPE1wt_CEP152+GTU88+PCNT_1_001_001_max_C1_mask,8,1060,327
RPE1wt_CEP152+GTU88+PCNT_1_001_001_max_C1_mask,9,966,1582
RPE1wt_CEP152+GTU88+PCNT_1_001_001_max_C1_mask,10,855,447
RPE1wt_CEP152+GTU88+PCNT_1_001_001_max_C1_mask,11,571,1613
RPE1wt_CEP152+GTU88+PCNT_1_001_001_max_C1_mask,12,537,1511
RPE1wt_CEP152+GTU88+PCNT_1_001_001_max_C1_mask,13,359,1440
RPE1wt_CEP152+GTU88+PCNT_1_001_001_max_C1_mask,14,352,1439
RPE1wt_CEP152+GTU88+PCNT_1_001_001_max_C1_mask,15,346,1595
RPE1wt_CEP152+GTU88+PCNT_1_001_001_max_C1_mask,16,340,1595
RPE1wt_CEP152+GTU88+PCNT_1_001_001_max_C1_mask,17,164,63
RPE1wt_CEP152+GTU88+PCNT_1_001_001_max_C1_mask,18,127,413
RPE1wt_CEP152+GTU88+PCNT_1_001_001_max_C1_mask,19,101,503
RPE1wt_CEP152+GTU88+PCNT_1_001_001_max_C1_mask,20,95,501
RPE1wt_CEP63+CETN2+PCNT_1_002_001_max_C1_mask,0,1971,1151
RPE1wt_CEP63+CETN2+PCNT_1_002_001_max_C1_mask,1,1967,1147
RPE1wt_CEP63+CETN2+PCNT_1_002_001_max_C1_mask,2,1916,938
RPE1wt_CEP63+CETN2+PCNT_1_002_001_max_C1_mask,3,1912,963
RPE1wt_CEP63+CETN2+PCNT_1_002_001_max_C1_mask,4,1911,969
RPE1wt_CEP63+CETN2+PCNT_1_002_001_max_C1_mask,5,1757,93
RPE1wt_CEP63+CETN2+PCNT_1_002_001_max_C1_mask,6,1741,454
RPE1wt_CEP63+CETN2+PCNT_1_002_001_max_C1_mask,7,1736,451
RPE1wt_CEP63+CETN2+PCNT_1_002_001_max_C1_mask,8,1726,766
RPE1wt_CEP63+CETN2+PCNT_1_002_001_max_C1_mask,9,1724,760
RPE1wt_CEP63+CETN2+PCNT_1_002_001_max_C1_mask,10,1705,1970
RPE1wt_CEP63+CETN2+PCNT_1_002_001_max_C1_mask,11,1684,1303
RPE1wt_CEP63+CETN2+PCNT_1_002_001_max_C1_mask,12,1678,1301
RPE1wt_CEP63+CETN2+PCNT_1_002_001_max_C1_mask,13,1652,1695
RPE1wt_CEP63+CETN2+PCNT_1_002_001_max_C1_mask,14,1644,1686
RPE1wt_CEP63+CETN2+PCNT_1_002_001_max_C1_mask,15,1615,270
RPE1wt_CEP63+CETN2+PCNT_1_002_001_max_C1_mask,16,1369,1105
RPE1wt_CEP63+CETN2+PCNT_1_002_001_max_C1_mask,17,1364,81
RPE1wt_CEP63+CETN2+PCNT_1_002_001_max_C1_mask,18,1360,1107
RPE1wt_CEP63+CETN2+PCNT_1_002_001_max_C1_mask,19,1344,1416
RPE1wt_CEP63+CETN2+PCNT_1_002_001_max_C1_mask,20,1338,1414
RPE1wt_CEP63+CETN2+PCNT_1_002_001_max_C1_mask,21,1322,1925
RPE1wt_CEP63+CETN2+PCNT_1_002_001_max_C1_mask,22,1318,659
RPE1wt_CEP63+CETN2+PCNT_1_002_001_max_C1_mask,23,1315,653
RPE1wt_CEP63+CETN2+PCNT_1_002_001_max_C1_mask,24,1297,329
RPE1wt_CEP63+CETN2+PCNT_1_002_001_max_C1_mask,25,1284,1845
RPE1wt_CEP63+CETN2+PCNT_1_002_001_max_C1_mask,26,1198,863
RPE1wt_CEP63+CETN2+PCNT_1_002_001_max_C1_mask,27,1112,458
RPE1wt_CEP63+CETN2+PCNT_1_002_001_max_C1_mask,28,1081,1301
RPE1wt_CEP63+CETN2+PCNT_1_002_001_max_C1_mask,29,1047,1003
RPE1wt_CEP63+CETN2+PCNT_1_002_001_max_C1_mask,30,969,1997
RPE1wt_CEP63+CETN2+PCNT_1_002_001_max_C1_mask,31,962,166
RPE1wt_CEP63+CETN2+PCNT_1_002_001_max_C1_mask,32,958,2012
RPE1wt_CEP63+CETN2+PCNT_1_002_001_max_C1_mask,33,958,163
RPE1wt_CEP63+CETN2+PCNT_1_002_001_max_C1_mask,34,944,1684
RPE1wt_CEP63+CETN2+PCNT_1_002_001_max_C1_mask,35,916,1162
RPE1wt_CEP63+CETN2+PCNT_1_002_001_max_C1_mask,36,911,1161
RPE1wt_CEP63+CETN2+PCNT_1_002_001_max_C1_mask,37,891,1770
RPE1wt_CEP63+CETN2+PCNT_1_002_001_max_C1_mask,38,811,439
RPE1wt_CEP63+CETN2+PCNT_1_002_001_max_C1_mask,39,788,1471
RPE1wt_CEP63+CETN2+PCNT_1_002_001_max_C1_mask,40,782,1468
RPE1wt_CEP63+CETN2+PCNT_1_002_001_max_C1_mask,41,781,1473
RPE1wt_CEP63+CETN2+PCNT_1_002_001_max_C1_mask,42,720,410
RPE1wt_CEP63+CETN2+PCNT_1_002_001_max_C1_mask,43,700,831
RPE1wt_CEP63+CETN2+PCNT_1_002_001_max_C1_mask,44,488,1781
RPE1wt_CEP63+CETN2+PCNT_1_002_001_max_C1_mask,45,485,1775
RPE1wt_CEP63+CETN2+PCNT_1_002_001_max_C1_mask,46,438,1240
RPE1wt_CEP63+CETN2+PCNT_1_002_001_max_C1_mask,47,436,1235
RPE1wt_CEP63+CETN2+PCNT_1_002_001_max_C1_mask,48,427,84
RPE1wt_CEP63+CETN2+PCNT_1_002_001_max_C1_mask,49,412,90
RPE1wt_CEP63+CETN2+PCNT_1_002_001_max_C1_mask,50,363,461
RPE1wt_CEP63+CETN2+PCNT_1_002_001_max_C1_mask,51,357,1027
RPE1wt_CEP63+CETN2+PCNT_1_002_001_max_C1_mask,52,357,460
RPE1wt_CEP63+CETN2+PCNT_1_002_001_max_C1_mask,53,352,1028
RPE1wt_CEP63+CETN2+PCNT_1_002_001_max_C1_mask,54,348,1448
RPE1wt_CEP63+CETN2+PCNT_1_002_001_max_C1_mask,55,346,1441
RPE1wt_CEP63+CETN2+PCNT_1_002_001_max_C1_mask,56,247,717
RPE1wt_CEP63+CETN2+PCNT_1_002_001_max_C1_mask,57,243,720
RPE1wt_CEP63+CETN2+PCNT_1_002_001_max_C1_mask,58,66,1216
RPE1wt_CEP63+CETN2+PCNT_1_002_001_max_C1_mask,59,40,1674
RPE1wt_CEP63+CETN2+PCNT_1_002_001_max_C1_mask,60,35,1679
RPE1wt_CEP152+GTU88+PCNT_1_004_002_max_C3_mask,0,1981,1410
RPE1wt_CEP152+GTU88+PCNT_1_004_002_max_C3_mask,1,1975,1406
RPE1wt_CEP152+GTU88+PCNT_1_004_002_max_C3_mask,2,1927,1665
RPE1wt_CEP152+GTU88+PCNT_1_004_002_max_C3_mask,3,1926,1660
RPE1wt_CEP152+GTU88+PCNT_1_004_002_max_C3_mask,4,1926,573
RPE1wt_CEP152+GTU88+PCNT_1_004_002_max_C3_mask,5,1925,567
RPE1wt_CEP152+GTU88+PCNT_1_004_002_max_C3_mask,6,1846,17
RPE1wt_CEP152+GTU88+PCNT_1_004_002_max_C3_mask,7,1844,1078
RPE1wt_CEP152+GTU88+PCNT_1_004_002_max_C3_mask,8,1840,1072
RPE1wt_CEP152+GTU88+PCNT_1_004_002_max_C3_mask,9,1788,1934
RPE1wt_CEP152+GTU88+PCNT_1_004_002_max_C3_mask,10,1781,1934
RPE1wt_CEP152+GTU88+PCNT_1_004_002_max_C3_mask,11,1776,735
RPE1wt_CEP152+GTU88+PCNT_1_004_002_max_C3_mask,12,1769,735
RPE1wt_CEP152+GTU88+PCNT_1_004_002_max_C3_mask,13,1614,1553
RPE1wt_CEP152+GTU88+PCNT_1_004_002_max_C3_mask,14,1606,1557
RPE1wt_CEP152+GTU88+PCNT_1_004_002_max_C3_mask,15,1541,1080
RPE1wt_CEP152+GTU88+PCNT_1_004_002_max_C3_mask,16,1535,1079
RPE1wt_CEP152+GTU88+PCNT_1_004_002_max_C3_mask,17,1487,204
RPE1wt_CEP152+GTU88+PCNT_1_004_002_max_C3_mask,18,1484,2014
RPE1wt_CEP152+GTU88+PCNT_1_004_002_max_C3_mask,19,1478,2017
RPE1wt_CEP152+GTU88+PCNT_1_004_002_max_C3_mask,20,1420,590
RPE1wt_CEP152+GTU88+PCNT_1_004_002_max_C3_mask,21,1421,583
RPE1wt_CEP152+GTU88+PCNT_1_004_002_max_C3_mask,22,1368,1624
RPE1wt_CEP152+GTU88+PCNT_1_004_002_max_C3_mask,23,1361,1632
RPE1wt_CEP152+GTU88+PCNT_1_004_002_max_C3_mask,24,1302,1262
RPE1wt_CEP152+GTU88+PCNT_1_004_002_max_C3_mask,25,1265,956
RPE1wt_CEP152+GTU88+PCNT_1_004_002_max_C3_mask,26,1261,962
RPE1wt_CEP152+GTU88+PCNT_1_004_002_max_C3_mask,27,1099,1831
RPE1wt_CEP152+GTU88+PCNT_1_004_002_max_C3_mask,28,1097,1835
RPE1wt_CEP152+GTU88+PCNT_1_004_002_max_C3_mask,29,1034,1275
RPE1wt_CEP152+GTU88+PCNT_1_004_002_max_C3_mask,30,1031,1265
RPE1wt_CEP152+GTU88+PCNT_1_004_002_max_C3_mask,31,1022,419
RPE1wt_CEP152+GTU88+PCNT_1_004_002_max_C3_mask,32,1015,417
RPE1wt_CEP152+GTU88+PCNT_1_004_002_max_C3_mask,33,992,925
RPE1wt_CEP152+GTU88+PCNT_1_004_002_max_C3_mask,34,905,120
RPE1wt_CEP152+GTU88+PCNT_1_004_002_max_C3_mask,35,900,123
RPE1wt_CEP152+GTU88+PCNT_1_004_002_max_C3_mask,36,733,2044
RPE1wt_CEP152+GTU88+PCNT_1_004_002_max_C3_mask,37,728,2044
RPE1wt_CEP152+GTU88+PCNT_1_004_002_max_C3_mask,38,674,1538
RPE1wt_CEP152+GTU88+PCNT_1_004_002_max_C3_mask,39,670,1542
RPE1wt_CEP152+GTU88+PCNT_1_004_002_max_C3_mask,40,622,778
RPE1wt_CEP152+GTU88+PCNT_1_004_002_max_C3_mask,41,604,1139
RPE1wt_CEP152+GTU88+PCNT_1_004_002_max_C3_mask,42,601,1135
RPE1wt_CEP152+GTU88+PCNT_1_004_002_max_C3_mask,43,474,457
RPE1wt_CEP152+GTU88+PCNT_1_004_002_max_C3_mask,44,257,717
RPE1wt_CEP152+GTU88+PCNT_1_004_002_max_C3_mask,45,252,712
RPE1wt_CEP152+GTU88+PCNT_1_004_002_max_C3_mask,46,247,247
RPE1wt_CEP152+GTU88+PCNT_1_004_002_max_C3_mask,47,246,243
RPE1wt_CEP63+CETN2+PCNT_1_004_004_max_C3_mask,0,1829,403
RPE1wt_CEP63+CETN2+PCNT_1_004_004_max_C3_mask,1,1607,722
RPE1wt_CEP63+CETN2+PCNT_1_004_004_max_C3_mask,2,1570,630
RPE1wt_CEP63+CETN2+PCNT_1_004_004_max_C3_mask,3,1488,798
RPE1wt_CEP63+CETN2+PCNT_1_004_004_max_C3_mask,4,1484,808
RPE1wt_CEP63+CETN2+PCNT_1_004_004_max_C3_mask,5,1240,483
RPE1wt_CEP63+CETN2+PCNT_1_004_004_max_C3_mask,6,1136,374
RPE1wt_CEP63+CETN2+PCNT_1_004_004_max_C3_mask,7,1117,361
RPE1wt_CEP63+CETN2+PCNT_1_004_004_max_C3_mask,8,1051,368
RPE1wt_CEP63+CETN2+PCNT_1_004_004_max_C3_mask,9,775,504
RPE1wt_CEP63+CETN2+PCNT_1_004_004_max_C3_mask,10,639,273
RPE1wt_CEP63+CETN2+PCNT_1_004_004_max_C3_mask,11,637,280
RPE1wt_CEP63+CETN2+PCNT_1_004_004_max_C3_mask,12,215,660
RPE1wt_CEP63+CETN2+PCNT_1_004_004_max_C3_mask,13,215,659
RPE1wt_CEP63+CETN2+PCNT_1_004_004_max_C3_mask,14,57,148
RPE1wt_CEP152+GTU88+PCNT_1_000_003_max_C3_mask,0,1973,1148
RPE1wt_CEP152+GTU88+PCNT_1_000_003_max_C3_mask,1,1969,1156
RPE1wt_CEP152+GTU88+PCNT_1_000_003_max_C3_mask,2,1961,780
RPE1wt_CEP152+GTU88+PCNT_1_000_003_max_C3_mask,3,1886,83
RPE1wt_CEP152+GTU88+PCNT_1_000_003_max_C3_mask,4,1816,1807
RPE1wt_CEP152+GTU88+PCNT_1_000_003_max_C3_mask,5,1812,1751
RPE1wt_CEP152+GTU88+PCNT_1_000_003_max_C3_mask,6,1811,1808
RPE1wt_CEP152+GTU88+PCNT_1_000_003_max_C3_mask,7,1810,1801
RPE1wt_CEP152+GTU88+PCNT_1_000_003_max_C3_mask,8,1708,266
RPE1wt_CEP152+GTU88+PCNT_1_000_003_max_C3_mask,9,1632,975
RPE1wt_CEP152+GTU88+PCNT_1_000_003_max_C3_mask,10,1624,976
RPE1wt_CEP152+GTU88+PCNT_1_000_003_max_C3_mask,11,1578,1403
RPE1wt_CEP152+GTU88+PCNT_1_000_003_max_C3_mask,12,1573,1398
RPE1wt_CEP152+GTU88+PCNT_1_000_003_max_C3_mask,13,1550,1362
RPE1wt_CEP152+GTU88+PCNT_1_000_003_max_C3_mask,14,1491,428
RPE1wt_CEP152+GTU88+PCNT_1_000_003_max_C3_mask,15,1455,1996
RPE1wt_CEP152+GTU88+PCNT_1_000_003_max_C3_mask,16,1450,1998
RPE1wt_CEP152+GTU88+PCNT_1_000_003_max_C3_mask,17,1238,1465
RPE1wt_CEP152+GTU88+PCNT_1_000_003_max_C3_mask,18,1231,1459
RPE1wt_CEP152+GTU88+PCNT_1_000_003_max_C3_mask,19,1224,1466
RPE1wt_CEP152+GTU88+PCNT_1_000_003_max_C3_mask,20,1117,754
RPE1wt_CEP152+GTU88+PCNT_1_000_003_max_C3_mask,21,1113,753
RPE1wt_CEP152+GTU88+PCNT_1_000_003_max_C3_mask,22,1114,745
RPE1wt_CEP152+GTU88+PCNT_1_000_003_max_C3_mask,23,1084,1428
RPE1wt_CEP152+GTU88+PCNT_1_000_003_max_C3_mask,24,1048,162
RPE1wt_CEP152+GTU88+PCNT_1_000_003_max_C3_mask,25,843,1016
RPE1wt_CEP152+GTU88+PCNT_1_000_003_max_C3_mask,26,777,28
RPE1wt_CEP152+GTU88+PCNT_1_000_003_max_C3_mask,27,774,20
RPE1wt_CEP152+GTU88+PCNT_1_000_003_max_C3_mask,28,597,1255
RPE1wt_CEP152+GTU88+PCNT_1_000_003_max_C3_mask,29,580,1246
RPE1wt_CEP152+GTU88+PCNT_1_000_003_max_C3_mask,30,525,1876
RPE1wt_CEP152+GTU88+PCNT_1_000_003_max_C3_mask,31,517,1877
RPE1wt_CEP152+GTU88+PCNT_1_000_003_max_C3_mask,32,502,649
RPE1wt_CEP152+GTU88+PCNT_1_000_003_max_C3_mask,33,502,642
RPE1wt_CEP152+GTU88+PCNT_1_000_003_max_C3_mask,34,474,292
RPE1wt_CEP152+GTU88+PCNT_1_000_003_max_C3_mask,35,467,293
RPE1wt_CEP152+GTU88+PCNT_1_000_003_max_C3_mask,36,449,1669
RPE1wt_CEP152+GTU88+PCNT_1_000_003_max_C3_mask,37,446,1667
RPE1wt_CEP152+GTU88+PCNT_1_000_003_max_C3_mask,38,442,1664
RPE1wt_CEP152+GTU88+PCNT_1_000_003_max_C3_mask,39,412,51
RPE1wt_CEP152+GTU88+PCNT_1_000_003_max_C3_mask,40,407,58
RPE1wt_CEP152+GTU88+PCNT_1_000_003_max_C3_mask,41,368,1104
RPE1wt_CEP152+GTU88+PCNT_1_000_003_max_C3_mask,42,151,1595
RPE1wt_CEP152+GTU88+PCNT_1_000_003_max_C3_mask,43,143,1594
RPE1wt_CEP152+GTU88+PCNT_1_000_003_max_C3_mask,44,22,1272
RPE1wt_CEP152+GTU88+PCNT_1_000_003_max_C3_mask,45,17,1268
RPE1wt_CEP63+CETN2+PCNT_1_000_004_max_C2_mask,0,1981,716
RPE1wt_CEP63+CETN2+PCNT_1_000_004_max_C2_mask,1,1978,723
RPE1wt_CEP63+CETN2+PCNT_1_000_004_max_C2_mask,2,1841,1004
RPE1wt_CEP63+CETN2+PCNT_1_000_004_max_C2_mask,3,1839,1858
RPE1wt_CEP63+CETN2+PCNT_1_000_004_max_C2_mask,4,1837,994
RPE1wt_CEP63+CETN2+PCNT_1_000_004_max_C2_mask,5,1831,1856
RPE1wt_CEP63+CETN2+PCNT_1_000_004_max_C2_mask,6,1544,1282
RPE1wt_CEP63+CETN2+PCNT_1_000_004_max_C2_mask,7,1541,1279
RPE1wt_CEP63+CETN2+PCNT_1_000_004_max_C2_mask,8,1497,1739
RPE1wt_CEP63+CETN2+PCNT_1_000_004_max_C2_mask,9,1415,1068
RPE1wt_CEP63+CETN2+PCNT_1_000_004_max_C2_mask,10,1414,1073
RPE1wt_CEP63+CETN2+PCNT_1_000_004_max_C2_mask,11,1378,1289
RPE1wt_CEP63+CETN2+PCNT_1_000_004_max_C2_mask,12,1367,1882
RPE1wt_CEP63+CETN2+PCNT_1_000_004_max_C2_mask,13,1299,69
RPE1wt_CEP63+CETN2+PCNT_1_000_004_max_C2_mask,14,1230,1533
RPE1wt_CEP63+CETN2+PCNT_1_000_004_max_C2_mask,15,1225,1526
RPE1wt_CEP63+CETN2+PCNT_1_000_004_max_C2_mask,16,1096,1311
RPE1wt_CEP63+CETN2+PCNT_1_000_004_max_C2_mask,17,1096,1306
RPE1wt_CEP63+CETN2+PCNT_1_000_004_max_C2_mask,18,1069,2014
RPE1wt_CEP63+CETN2+PCNT_1_000_004_max_C2_mask,19,1025,843
RPE1wt_CEP63+CETN2+PCNT_1_000_004_max_C2_mask,20,977,769
RPE1wt_CEP63+CETN2+PCNT_1_000_004_max_C2_mask,21,966,772
RPE1wt_CEP63+CETN2+PCNT_1_000_004_max_C2_mask,22,957,1606
RPE1wt_CEP63+CETN2+PCNT_1_000_004_max_C2_mask,23,954,1602
RPE1wt_CEP63+CETN2+PCNT_1_000_004_max_C2_mask,24,948,1243
RPE1wt_CEP63+CETN2+PCNT_1_000_004_max_C2_mask,25,943,1235
RPE1wt_CEP63+CETN2+PCNT_1_000_004_max_C2_mask,26,577,1909
RPE1wt_CEP63+CETN2+PCNT_1_000_004_max_C2_mask,27,494,2005
RPE1wt_CEP63+CETN2+PCNT_1_000_004_max_C2_mask,28,356,679
RPE1wt_CEP63+CETN2+PCNT_1_000_004_max_C2_mask,29,357,674
RPE1wt_CEP63+CETN2+PCNT_1_000_004_max_C2_mask,30,319,1454
RPE1wt_CEP63+CETN2+PCNT_1_000_004_max_C2_mask,31,315,1448
RPE1wt_CEP63+CETN2+PCNT_1_000_004_max_C2_mask,32,298,1495
RPE1wt_CEP63+CETN2+PCNT_1_000_004_max_C2_mask,33,293,1499
RPE1wt_CEP63+CETN2+PCNT_1_000_004_max_C2_mask,34,213,724
RPE1wt_CEP63+CETN2+PCNT_1_000_004_max_C2_mask,35,17,1978
RPE1wt_CEP63+CETN2+PCNT_1_000_004_max_C2_mask,36,6,2010
RPE1wt_CP110+GTU88+PCNT_2_004_000_max_C1_mask,0,1917,1875
RPE1wt_CP110+GTU88+PCNT_2_004_000_max_C1_mask,1,1915,1880
RPE1wt_CP110+GTU88+PCNT_2_004_000_max_C1_mask,2,1850,1611
RPE1wt_CP110+GTU88+PCNT_2_004_000_max_C1_mask,3,1798,1300
RPE1wt_CP110+GTU88+PCNT_2_004_000_max_C1_mask,4,1798,1253
RPE1wt_CP110+GTU88+PCNT_2_004_000_max_C1_mask,5,1795,1292
RPE1wt_CP110+GTU88+PCNT_2_004_000_max_C1_mask,6,1791,1295
RPE1wt_CP110+GTU88+PCNT_2_004_000_max_C1_mask,7,1786,724
RPE1wt_CP110+GTU88+PCNT_2_004_000_max_C1_mask,8,1787,715
RPE1wt_CP110+GTU88+PCNT_2_004_000_max_C1_mask,9,1782,723
RPE1wt_CP110+GTU88+PCNT_2_004_000_max_C1_mask,10,1732,423
RPE1wt_CP110+GTU88+PCNT_2_004_000_max_C1_mask,11,1726,422
RPE1wt_CP110+GTU88+PCNT_2_004_000_max_C1_mask,12,1526,198
RPE1wt_CP110+GTU88+PCNT_2_004_000_max_C1_mask,13,1518,205
RPE1wt_CP110+GTU88+PCNT_2_004_000_max_C1_mask,14,1499,1715
RPE1wt_CP110+GTU88+PCNT_2_004_000_max_C1_mask,15,1494,1716
RPE1wt_CP110+GTU88+PCNT_2_004_000_max_C1_mask,16,1466,1760
RPE1wt_CP110+GTU88+PCNT_2_004_000_max_C1_mask,17,1464,1766
RPE1wt_CP110+GTU88+PCNT_2_004_000_max_C1_mask,18,1462,1403
RPE1wt_CP110+GTU88+PCNT_2_004_000_max_C1_mask,19,1461,1398
RPE1wt_CP110+GTU88+PCNT_2_004_000_max_C1_mask,20,1456,1403
RPE1wt_CP110+GTU88+PCNT_2_004_000_max_C1_mask,21,1430,965
RPE1wt_CP110+GTU88+PCNT_2_004_000_max_C1_mask,22,1426,960
RPE1wt_CP110+GTU88+PCNT_2_004_000_max_C1_mask,23,1330,478
RPE1wt_CP110+GTU88+PCNT_2_004_000_max_C1_mask,24,1327,469
RPE1wt_CP110+GTU88+PCNT_2_004_000_max_C1_mask,25,1103,681
RPE1wt_CP110+GTU88+PCNT_2_004_000_max_C1_mask,26,1098,691
RPE1wt_CP110+GTU88+PCNT_2_004_000_max_C1_mask,27,1087,1215
RPE1wt_CP110+GTU88+PCNT_2_004_000_max_C1_mask,28,1019,1047
RPE1wt_CP110+GTU88+PCNT_2_004_000_max_C1_mask,29,1006,99
RPE1wt_CP110+GTU88+PCNT_2_004_000_max_C1_mask,30,987,1539
RPE1wt_CP110+GTU88+PCNT_2_004_000_max_C1_mask,31,979,1544
RPE1wt_CP110+GTU88+PCNT_2_004_000_max_C1_mask,32,840,953
RPE1wt_CP110+GTU88+PCNT_2_004_000_max_C1_mask,33,831,1955
RPE1wt_CP110+GTU88+PCNT_2_004_000_max_C1_mask,34,831,958
RPE1wt_CP110+GTU88+PCNT_2_004_000_max_C1_mask,35,825,540
RPE1wt_CP110+GTU88+PCNT_2_004_000_max_C1_mask,36,701,382
RPE1wt_CP110+GTU88+PCNT_2_004_000_max_C1_mask,37,562,790
RPE1wt_CP110+GTU88+PCNT_2_004_000_max_C1_mask,38,557,807
RPE1wt_CP110+GTU88+PCNT_2_004_000_max_C1_mask,39,556,789
RPE1wt_CP110+GTU88+PCNT_2_004_000_max_C1_mask,40,553,794
RPE1wt_CP110+GTU88+PCNT_2_004_000_max_C1_mask,41,509,1784
RPE1wt_CP110+GTU88+PCNT_2_004_000_max_C1_mask,42,507,1781
RPE1wt_CP110+GTU88+PCNT_2_004_000_max_C1_mask,43,505,1789
RPE1wt_CP110+GTU88+PCNT_2_004_000_max_C1_mask,44,478,1316
RPE1wt_CP110+GTU88+PCNT_2_004_000_max_C1_mask,45,469,1320
RPE1wt_CP110+GTU88+PCNT_2_004_000_max_C1_mask,46,469,1316
RPE1wt_CP110+GTU88+PCNT_2_004_000_max_C1_mask,47,465,1210
RPE1wt_CP110+GTU88+PCNT_2_004_000_max_C1_mask,48,438,962
RPE1wt_CP110+GTU88+PCNT_2_004_000_max_C1_mask,49,431,959
RPE1wt_CP110+GTU88+PCNT_2_004_000_max_C1_mask,50,406,1009
RPE1wt_CP110+GTU88+PCNT_2_004_000_max_C1_mask,51,402,1003
RPE1wt_CP110+GTU88+PCNT_2_004_000_max_C1_mask,52,348,1785
RPE1wt_CP110+GTU88+PCNT_2_004_000_max_C1_mask,53,347,1781
RPE1wt_CP110+GTU88+PCNT_2_004_000_max_C1_mask,54,310,240
RPE1wt_CP110+GTU88+PCNT_2_004_000_max_C1_mask,55,300,238
RPE1wt_CP110+GTU88+PCNT_2_004_000_max_C1_mask,56,153,38
RPE1wt_CP110+GTU88+PCNT_2_004_000_max_C1_mask,57,144,38
RPE1wt_CP110+GTU88+PCNT_2_004_000_max_C1_mask,58,35,1845
RPE1wt_CP110+GTU88+PCNT_2_004_000_max_C1_mask,59,33,1840
RPE1wt_CP110+GTU88+PCNT_2_004_000_max_C1_mask,60,26,1420
RPE1wt_CP110+GTU88+PCNT_2_004_000_max_C1_mask,61,19,1427
RPE1wt_CEP63+CETN2+PCNT_1_003_001_max_C2_mask,0,1924,467
RPE1wt_CEP63+CETN2+PCNT_1_003_001_max_C2_mask,1,1921,464
RPE1wt_CEP63+CETN2+PCNT_1_003_001_max_C2_mask,2,1914,1419
RPE1wt_CEP63+CETN2+PCNT_1_003_001_max_C2_mask,3,1914,1414
RPE1wt_CEP63+CETN2+PCNT_1_003_001_max_C2_mask,4,1827,786
RPE1wt_CEP63+CETN2+PCNT_1_003_001_max_C2_mask,5,1820,788
RPE1wt_CEP63+CETN2+PCNT_1_003_001_max_C2_mask,6,1818,130
RPE1wt_CEP63+CETN2+PCNT_1_003_001_max_C2_mask,7,1813,127
RPE1wt_CEP63+CETN2+PCNT_1_003_001_max_C2_mask,8,1762,2009
RPE1wt_CEP63+CETN2+PCNT_1_003_001_max_C2_mask,9,1758,2016
RPE1wt_CEP63+CETN2+PCNT_1_003_001_max_C2_mask,10,1735,1584
RPE1wt_CEP63+CETN2+PCNT_1_003_001_max_C2_mask,11,1730,1590
RPE1wt_CEP63+CETN2+PCNT_1_003_001_max_C2_mask,12,1718,1769
RPE1wt_CEP63+CETN2+PCNT_1_003_001_max_C2_mask,13,1711,1767
RPE1wt_CEP63+CETN2+PCNT_1_003_001_max_C2_mask,14,1704,1764
RPE1wt_CEP63+CETN2+PCNT_1_003_001_max_C2_mask,15,1666,294
RPE1wt_CEP63+CETN2+PCNT_1_003_001_max_C2_mask,16,1629,1162
RPE1wt_CEP63+CETN2+PCNT_1_003_001_max_C2_mask,17,1608,15
RPE1wt_CEP63+CETN2+PCNT_1_003_001_max_C2_mask,18,1607,1147
RPE1wt_CEP63+CETN2+PCNT_1_003_001_max_C2_mask,19,1601,15
RPE1wt_CEP63+CETN2+PCNT_1_003_001_max_C2_mask,20,1558,471
RPE1wt_CEP63+CETN2+PCNT_1_003_001_max_C2_mask,21,1556,477
RPE1wt_CEP63+CETN2+PCNT_1_003_001_max_C2_mask,22,1496,15
RPE1wt_CEP63+CETN2+PCNT_1_003_001_max_C2_mask,23,1496,22
RPE1wt_CEP63+CETN2+PCNT_1_003_001_max_C2_mask,24,1430,769
RPE1wt_CEP63+CETN2+PCNT_1_003_001_max_C2_mask,25,1422,770
RPE1wt_CEP63+CETN2+PCNT_1_003_001_max_C2_mask,26,1413,1732
RPE1wt_CEP63+CETN2+PCNT_1_003_001_max_C2_mask,27,1408,1732
RPE1wt_CEP63+CETN2+PCNT_1_003_001_max_C2_mask,28,1261,260
RPE1wt_CEP63+CETN2+PCNT_1_003_001_max_C2_mask,29,1260,245
RPE1wt_CEP63+CETN2+PCNT_1_003_001_max_C2_mask,30,1259,241
RPE1wt_CEP63+CETN2+PCNT_1_003_001_max_C2_mask,31,1258,264
RPE1wt_CEP63+CETN2+PCNT_1_003_001_max_C2_mask,32,1235,1140
RPE1wt_CEP63+CETN2+PCNT_1_003_001_max_C2_mask,33,1233,1136
RPE1wt_CEP63+CETN2+PCNT_1_003_001_max_C2_mask,34,1211,1416
RPE1wt_CEP63+CETN2+PCNT_1_003_001_max_C2_mask,35,1210,1421
RPE1wt_CEP63+CETN2+PCNT_1_003_001_max_C2_mask,36,1059,878
RPE1wt_CEP63+CETN2+PCNT_1_003_001_max_C2_mask,37,1055,871
RPE1wt_CEP63+CETN2+PCNT_1_003_001_max_C2_mask,38,1049,570
RPE1wt_CEP63+CETN2+PCNT_1_003_001_max_C2_mask,39,1042,1549
RPE1wt_CEP63+CETN2+PCNT_1_003_001_max_C2_mask,40,1041,573
RPE1wt_CEP63+CETN2+PCNT_1_003_001_max_C2_mask,41,1039,1553
RPE1wt_CEP63+CETN2+PCNT_1_003_001_max_C2_mask,42,948,1979
RPE1wt_CEP63+CETN2+PCNT_1_003_001_max_C2_mask,43,943,1981
RPE1wt_CEP63+CETN2+PCNT_1_003_001_max_C2_mask,44,785,542
RPE1wt_CEP63+CETN2+PCNT_1_003_001_max_C2_mask,45,784,538
RPE1wt_CEP63+CETN2+PCNT_1_003_001_max_C2_mask,46,761,565
RPE1wt_CEP63+CETN2+PCNT_1_003_001_max_C2_mask,47,721,1975
RPE1wt_CEP63+CETN2+PCNT_1_003_001_max_C2_mask,48,717,1975
RPE1wt_CEP63+CETN2+PCNT_1_003_001_max_C2_mask,49,652,880
RPE1wt_CEP63+CETN2+PCNT_1_003_001_max_C2_mask,50,644,886
RPE1wt_CEP63+CETN2+PCNT_1_003_001_max_C2_mask,51,606,316
RPE1wt_CEP63+CETN2+PCNT_1_003_001_max_C2_mask,52,600,315
RPE1wt_CEP63+CETN2+PCNT_1_003_001_max_C2_mask,53,583,1334
RPE1wt_CEP63+CETN2+PCNT_1_003_001_max_C2_mask,54,582,1330
RPE1wt_CEP63+CETN2+PCNT_1_003_001_max_C2_mask,55,580,1336
RPE1wt_CEP63+CETN2+PCNT_1_003_001_max_C2_mask,56,578,1331
RPE1wt_CEP63+CETN2+PCNT_1_003_001_max_C2_mask,57,523,634
RPE1wt_CEP63+CETN2+PCNT_1_003_001_max_C2_mask,58,438,667
RPE1wt_CEP63+CETN2+PCNT_1_003_001_max_C2_mask,59,371,102
RPE1wt_CEP63+CETN2+PCNT_1_003_001_max_C2_mask,60,343,2041
RPE1wt_CEP63+CETN2+PCNT_1_003_001_max_C2_mask,61,334,974
RPE1wt_CEP63+CETN2+PCNT_1_003_001_max_C2_mask,62,329,1496
RPE1wt_CEP63+CETN2+PCNT_1_003_001_max_C2_mask,63,329,969
RPE1wt_CEP63+CETN2+PCNT_1_003_001_max_C2_mask,64,305,1611
RPE1wt_CEP63+CETN2+PCNT_1_003_001_max_C2_mask,65,300,1611
RPE1wt_CEP63+CETN2+PCNT_1_003_001_max_C2_mask,66,267,1354
RPE1wt_CEP63+CETN2+PCNT_1_003_001_max_C2_mask,67,264,1359
RPE1wt_CEP63+CETN2+PCNT_1_003_001_max_C2_mask,68,159,34
RPE1wt_CEP63+CETN2+PCNT_1_003_001_max_C2_mask,69,102,879
RPE1wt_CEP63+CETN2+PCNT_1_003_001_max_C2_mask,70,74,1094
RPE1wt_CEP63+CETN2+PCNT_1_003_001_max_C2_mask,71,73,594
RPE1wt_CEP63+CETN2+PCNT_1_003_001_max_C2_mask,72,69,1097
RPE1wt_CEP63+CETN2+PCNT_1_003_001_max_C2_mask,73,58,619
RPE1wt_CEP63+CETN2+PCNT_1_003_001_max_C2_mask,74,39,1247
RPE1wt_CEP63+CETN2+PCNT_1_003_001_max_C2_mask,75,20,1433
RPE1wt_CP110+GTU88+PCNT_2_003_004_max_C2_mask,0,1868,1349
RPE1wt_CP110+GTU88+PCNT_2_003_004_max_C2_mask,1,1755,781
RPE1wt_CP110+GTU88+PCNT_2_003_004_max_C2_mask,2,1667,1968
RPE1wt_CP110+GTU88+PCNT_2_003_004_max_C2_mask,3,1666,1974
RPE1wt_CP110+GTU88+PCNT_2_003_004_max_C2_mask,4,1557,832
RPE1wt_CP110+GTU88+PCNT_2_003_004_max_C2_mask,5,1548,1343
RPE1wt_CP110+GTU88+PCNT_2_003_004_max_C2_mask,6,1547,1338
RPE1wt_CP110+GTU88+PCNT_2_003_004_max_C2_mask,7,1420,270
RPE1wt_CP110+GTU88+PCNT_2_003_004_max_C2_mask,8,1400,350
RPE1wt_CP110+GTU88+PCNT_2_003_004_max_C2_mask,9,1399,354
RPE1wt_CP110+GTU88+PCNT_2_003_004_max_C2_mask,10,1289,946
RPE1wt_CP110+GTU88+PCNT_2_003_004_max_C2_mask,11,1270,932
RPE1wt_CP110+GTU88+PCNT_2_003_004_max_C2_mask,12,1257,1504
RPE1wt_CP110+GTU88+PCNT_2_003_004_max_C2_mask,13,1140,221
RPE1wt_CP110+GTU88+PCNT_2_003_004_max_C2_mask,14,1136,218
RPE1wt_CP110+GTU88+PCNT_2_003_004_max_C2_mask,15,973,957
RPE1wt_CP110+GTU88+PCNT_2_003_004_max_C2_mask,16,969,951
RPE1wt_CP110+GTU88+PCNT_2_003_004_max_C2_mask,17,967,292
RPE1wt_CP110+GTU88+PCNT_2_003_004_max_C2_mask,18,954,301
RPE1wt_CP110+GTU88+PCNT_2_003_004_max_C2_mask,19,917,561
RPE1wt_CP110+GTU88+PCNT_2_003_004_max_C2_mask,20,915,567
RPE1wt_CP110+GTU88+PCNT_2_003_004_max_C2_mask,21,892,1716
RPE1wt_CP110+GTU88+PCNT_2_003_004_max_C2_mask,22,889,1722
RPE1wt_CP110+GTU88+PCNT_2_003_004_max_C2_mask,23,875,1210
RPE1wt_CP110+GTU88+PCNT_2_003_004_max_C2_mask,24,875,1204
RPE1wt_CP110+GTU88+PCNT_2_003_004_max_C2_mask,25,691,187
RPE1wt_CP110+GTU88+PCNT_2_003_004_max_C2_mask,26,689,1412
RPE1wt_CP110+GTU88+PCNT_2_003_004_max_C2_mask,27,683,184
RPE1wt_CP110+GTU88+PCNT_2_003_004_max_C2_mask,28,653,1012
RPE1wt_CP110+GTU88+PCNT_2_003_004_max_C2_mask,29,647,1028
RPE1wt_CP110+GTU88+PCNT_2_003_004_max_C2_mask,30,482,1965
RPE1wt_CP110+GTU88+PCNT_2_003_004_max_C2_mask,31,481,1971
RPE1wt_CP110+GTU88+PCNT_2_003_004_max_C2_mask,32,422,1675
RPE1wt_CP110+GTU88+PCNT_2_003_004_max_C2_mask,33,417,1667
RPE1wt_CP110+GTU88+PCNT_2_003_004_max_C2_mask,34,415,530
RPE1wt_CP110+GTU88+PCNT_2_003_004_max_C2_mask,35,290,1363
RPE1wt_CP110+GTU88+PCNT_2_003_004_max_C2_mask,36,285,1356
RPE1wt_CP110+GTU88+PCNT_2_003_004_max_C2_mask,37,133,835
RPE1wt_CP110+GTU88+PCNT_2_003_004_max_C2_mask,38,127,837
RPE1wt_CP110+GTU88+PCNT_2_003_004_max_C2_mask,39,85,1665
RPE1wt_CP110+GTU88+PCNT_2_003_004_max_C2_mask,40,84,1674
RPE1wt_CP110+GTU88+PCNT_2_003_004_max_C2_mask,41,49,346
RPE1wt_CP110+GTU88+PCNT_2_003_004_max_C2_mask,42,47,340
RPE1wt_CP110+GTU88+PCNT_2_002_003_max_C2_mask,0,2030,715
RPE1wt_CP110+GTU88+PCNT_2_002_003_max_C2_mask,1,2027,735
RPE1wt_CP110+GTU88+PCNT_2_002_003_max_C2_mask,2,1711,1158
RPE1wt_CP110+GTU88+PCNT_2_002_003_max_C2_mask,3,1708,1164
RPE1wt_CP110+GTU88+PCNT_2_002_003_max_C2_mask,4,1524,907
RPE1wt_CP110+GTU88+PCNT_2_002_003_max_C2_mask,5,1410,757
RPE1wt_CP110+GTU88+PCNT_2_002_003_max_C2_mask,6,1405,761
RPE1wt_CP110+GTU88+PCNT_2_002_003_max_C2_mask,7,1308,1427
RPE1wt_CP110+GTU88+PCNT_2_002_003_max_C2_mask,8,1300,1427
RPE1wt_CP110+GTU88+PCNT_2_002_003_max_C2_mask,9,1293,1935
RPE1wt_CP110+GTU88+PCNT_2_002_003_max_C2_mask,10,1292,1928
RPE1wt_CP110+GTU88+PCNT_2_002_003_max_C2_mask,11,1129,1090
RPE1wt_CP110+GTU88+PCNT_2_002_003_max_C2_mask,12,1128,1071
RPE1wt_CP110+GTU88+PCNT_2_002_003_max_C2_mask,13,1046,77
RPE1wt_CP110+GTU88+PCNT_2_002_003_max_C2_mask,14,1041,80
RPE1wt_CP110+GTU88+PCNT_2_002_003_max_C2_mask,15,944,385
RPE1wt_CP110+GTU88+PCNT_2_002_003_max_C2_mask,16,940,393
RPE1wt_CP110+GTU88+PCNT_2_002_003_max_C2_mask,17,900,1658
RPE1wt_CP110+GTU88+PCNT_2_002_003_max_C2_mask,18,875,1707
RPE1wt_CP110+GTU88+PCNT_2_002_003_max_C2_mask,19,756,1362
RPE1wt_CP110+GTU88+PCNT_2_002_003_max_C2_mask,20,749,1362
RPE1wt_CP110+GTU88+PCNT_2_002_003_max_C2_mask,21,741,1894
RPE1wt_CP110+GTU88+PCNT_2_002_003_max_C2_mask,22,681,925
RPE1wt_CP110+GTU88+PCNT_2_002_003_max_C2_mask,23,672,925
RPE1wt_CP110+GTU88+PCNT_2_002_003_max_C2_mask,24,622,990
RPE1wt_CP110+GTU88+PCNT_2_002_003_max_C2_mask,25,567,365
RPE1wt_CP110+GTU88+PCNT_2_002_003_max_C2_mask,26,559,366
RPE1wt_CP110+GTU88+PCNT_2_002_003_max_C2_mask,27,488,1910
RPE1wt_CP110+GTU88+PCNT_2_002_003_max_C2_mask,28,462,1620
RPE1wt_CP110+GTU88+PCNT_2_002_003_max_C2_mask,29,452,1617
RPE1wt_CP110+GTU88+PCNT_2_002_003_max_C2_mask,30,363,792
RPE1wt_CP110+GTU88+PCNT_2_002_003_max_C2_mask,31,357,792
RPE1wt_CP110+GTU88+PCNT_2_002_003_max_C2_mask,32,330,1365
RPE1wt_CP110+GTU88+PCNT_2_002_003_max_C2_mask,33,326,1366
RPE1wt_CP110+GTU88+PCNT_2_002_003_max_C2_mask,34,190,1900
RPE1wt_CP110+GTU88+PCNT_2_002_003_max_C2_mask,35,121,799
RPE1wt_CP110+GTU88+PCNT_2_002_003_max_C2_mask,36,117,797
RPE1wt_CP110+GTU88+PCNT_2_002_003_max_C2_mask,37,105,296
RPE1wt_CP110+GTU88+PCNT_2_002_003_max_C2_mask,38,100,301
RPE1wt_CP110+GTU88+PCNT_2_002_003_max_C2_mask,39,62,1690
RPE1wt_CP110+GTU88+PCNT_2_002_003_max_C2_mask,40,58,1695
RPE1wt_CP110+GTU88+PCNT_2_002_003_max_C2_mask,41,9,1181
RPE1wt_CP110+GTU88+PCNT_2_002_003_max_C2_mask,42,8,1187
RPE1wt_CEP152+GTU88+PCNT_1_002_001_max_C2_mask,0,2012,8
RPE1wt_CEP152+GTU88+PCNT_1_002_001_max_C2_mask,1,2010,3
RPE1wt_CEP152+GTU88+PCNT_1_002_001_max_C2_mask,2,1671,1744
RPE1wt_CEP152+GTU88+PCNT_1_002_001_max_C2_mask,3,1664,1739
RPE1wt_CEP152+GTU88+PCNT_1_002_001_max_C2_mask,4,1550,2038
RPE1wt_CEP152+GTU88+PCNT_1_002_001_max_C2_mask,5,1303,1472
RPE1wt_CEP152+GTU88+PCNT_1_002_001_max_C2_mask,6,1278,1830
RPE1wt_CEP152+GTU88+PCNT_1_002_001_max_C2_mask,7,1116,1921
RPE1wt_CEP152+GTU88+PCNT_1_002_001_max_C2_mask,8,1107,1918
RPE1wt_CEP152+GTU88+PCNT_1_002_001_max_C2_mask,9,919,1494
RPE1wt_CEP152+GTU88+PCNT_1_002_001_max_C2_mask,10,918,1499
RPE1wt_CEP152+GTU88+PCNT_1_002_001_max_C2_mask,11,726,1880
RPE1wt_CEP152+GTU88+PCNT_1_002_001_max_C2_mask,12,720,1878
RPE1wt_CEP152+GTU88+PCNT_1_002_001_max_C2_mask,13,632,1561
RPE1wt_CEP152+GTU88+PCNT_1_002_001_max_C2_mask,14,601,1567
RPE1wt_CEP152+GTU88+PCNT_1_002_001_max_C2_mask,15,475,2019
RPE1wt_CEP152+GTU88+PCNT_1_002_001_max_C2_mask,16,471,2018
RPE1wt_CEP152+GTU88+PCNT_1_002_001_max_C2_mask,17,319,1296
RPE1wt_CEP152+GTU88+PCNT_1_002_001_max_C2_mask,18,180,1054
RPE1wt_CEP152+GTU88+PCNT_1_002_001_max_C2_mask,19,175,1053
RPE1wt_CEP152+GTU88+PCNT_1_002_001_max_C2_mask,20,107,1638
RPE1wt_CEP152+GTU88+PCNT_1_002_001_max_C2_mask,21,101,1644
RPE1wt_CEP152+GTU88+PCNT_1_002_001_max_C2_mask,22,63,1264
RPE1wt_CEP152+GTU88+PCNT_1_002_003_max_C1_mask,0,2003,853
RPE1wt_CEP152+GTU88+PCNT_1_002_003_max_C1_mask,1,1988,548
RPE1wt_CEP152+GTU88+PCNT_1_002_003_max_C1_mask,2,1984,553
RPE1wt_CEP152+GTU88+PCNT_1_002_003_max_C1_mask,3,1950,1206
RPE1wt_CEP152+GTU88+PCNT_1_002_003_max_C1_mask,4,1898,252
RPE1wt_CEP152+GTU88+PCNT_1_002_003_max_C1_mask,5,1695,932
RPE1wt_CEP152+GTU88+PCNT_1_002_003_max_C1_mask,6,1696,895
RPE1wt_CEP152+GTU88+PCNT_1_002_003_max_C1_mask,7,1680,168
RPE1wt_CEP152+GTU88+PCNT_1_002_003_max_C1_mask,8,1674,166
RPE1wt_CEP152+GTU88+PCNT_1_002_003_max_C1_mask,9,1632,2031
RPE1wt_CEP152+GTU88+PCNT_1_002_003_max_C1_mask,10,1471,534
RPE1wt_CEP152+GTU88+PCNT_1_002_003_max_C1_mask,11,1471,526
RPE1wt_CEP152+GTU88+PCNT_1_002_003_max_C1_mask,12,1385,53
RPE1wt_CEP152+GTU88+PCNT_1_002_003_max_C1_mask,13,1025,814
RPE1wt_CEP152+GTU88+PCNT_1_002_003_max_C1_mask,14,1022,810
RPE1wt_CEP152+GTU88+PCNT_1_002_003_max_C1_mask,15,1017,346
RPE1wt_CEP152+GTU88+PCNT_1_002_003_max_C1_mask,16,990,351
RPE1wt_CEP152+GTU88+PCNT_1_002_003_max_C1_mask,17,863,1156
RPE1wt_CEP152+GTU88+PCNT_1_002_003_max_C1_mask,18,852,1161
RPE1wt_CEP152+GTU88+PCNT_1_002_003_max_C1_mask,19,842,28
RPE1wt_CEP152+GTU88+PCNT_1_002_003_max_C1_mask,20,600,350
RPE1wt_CEP152+GTU88+PCNT_1_002_003_max_C1_mask,21,598,354
RPE1wt_CEP152+GTU88+PCNT_1_002_003_max_C1_mask,22,559,468
RPE1wt_CEP152+GTU88+PCNT_1_002_003_max_C1_mask,23,480,1009
RPE1wt_CEP152+GTU88+PCNT_1_002_003_max_C1_mask,24,347,192
RPE1wt_CEP152+GTU88+PCNT_1_002_003_max_C1_mask,25,342,193
RPE1wt_CEP152+GTU88+PCNT_1_002_003_max_C1_mask,26,249,497
RPE1wt_CEP152+GTU88+PCNT_1_002_003_max_C1_mask,27,98,1350
RPE1wt_CEP152+GTU88+PCNT_1_002_003_max_C1_mask,28,91,1344
RPE1wt_CEP152+GTU88+PCNT_1_002_003_max_C1_mask,29,85,760
RPE1wt_CEP152+GTU88+PCNT_1_002_003_max_C1_mask,30,79,762
RPE1wt_CEP152+GTU88+PCNT_1_000_000_max_C2_mask,0,1956,1330
RPE1wt_CEP152+GTU88+PCNT_1_000_000_max_C2_mask,1,1951,1327
RPE1wt_CEP152+GTU88+PCNT_1_000_000_max_C2_mask,2,1945,1939
RPE1wt_CEP152+GTU88+PCNT_1_000_000_max_C2_mask,3,1938,1939
RPE1wt_CEP152+GTU88+PCNT_1_000_000_max_C2_mask,4,1862,924
RPE1wt_CEP152+GTU88+PCNT_1_000_000_max_C2_mask,5,1853,922
RPE1wt_CEP152+GTU88+PCNT_1_000_000_max_C2_mask,6,1810,257
RPE1wt_CEP152+GTU88+PCNT_1_000_000_max_C2_mask,7,1805,262
RPE1wt_CEP152+GTU88+PCNT_1_000_000_max_C2_mask,8,1705,1759
RPE1wt_CEP152+GTU88+PCNT_1_000_000_max_C2_mask,9,1700,1765
RPE1wt_CEP152+GTU88+PCNT_1_000_000_max_C2_mask,10,1632,731
RPE1wt_CEP152+GTU88+PCNT_1_000_000_max_C2_mask,11,1361,1989
RPE1wt_CEP152+GTU88+PCNT_1_000_000_max_C2_mask,12,1287,43
RPE1wt_CEP152+GTU88+PCNT_1_000_000_max_C2_mask,13,1279,41
RPE1wt_CEP152+GTU88+PCNT_1_000_000_max_C2_mask,14,1242,493
RPE1wt_CEP152+GTU88+PCNT_1_000_000_max_C2_mask,15,1236,490
RPE1wt_CEP152+GTU88+PCNT_1_000_000_max_C2_mask,16,1190,886
RPE1wt_CEP152+GTU88+PCNT_1_000_000_max_C2_mask,17,1185,879
RPE1wt_CEP152+GTU88+PCNT_1_000_000_max_C2_mask,18,1171,1124
RPE1wt_CEP152+GTU88+PCNT_1_000_000_max_C2_mask,19,1166,1128
RPE1wt_CEP152+GTU88+PCNT_1_000_000_max_C2_mask,20,1097,1568
RPE1wt_CEP152+GTU88+PCNT_1_000_000_max_C2_mask,21,1093,1573
RPE1wt_CEP152+GTU88+PCNT_1_000_000_max_C2_mask,22,1004,372
RPE1wt_CEP152+GTU88+PCNT_1_000_000_max_C2_mask,23,835,152
RPE1wt_CEP152+GTU88+PCNT_1_000_000_max_C2_mask,24,832,143
RPE1wt_CEP152+GTU88+PCNT_1_000_000_max_C2_mask,25,815,1632
RPE1wt_CEP152+GTU88+PCNT_1_000_000_max_C2_mask,26,773,1281
RPE1wt_CEP152+GTU88+PCNT_1_000_000_max_C2_mask,27,767,1286
RPE1wt_CEP152+GTU88+PCNT_1_000_000_max_C2_mask,28,708,1580
RPE1wt_CEP152+GTU88+PCNT_1_000_000_max_C2_mask,29,706,1576
RPE1wt_CEP152+GTU88+PCNT_1_000_000_max_C2_mask,30,638,429
RPE1wt_CEP152+GTU88+PCNT_1_000_000_max_C2_mask,31,634,422
RPE1wt_CEP152+GTU88+PCNT_1_000_000_max_C2_mask,32,471,987
RPE1wt_CEP152+GTU88+PCNT_1_000_000_max_C2_mask,33,466,995
RPE1wt_CEP152+GTU88+PCNT_1_000_000_max_C2_mask,34,408,1437
RPE1wt_CEP152+GTU88+PCNT_1_000_000_max_C2_mask,35,407,1430
RPE1wt_CEP152+GTU88+PCNT_1_000_000_max_C2_mask,36,380,1050
RPE1wt_CEP152+GTU88+PCNT_1_000_000_max_C2_mask,37,374,1050
RPE1wt_CEP152+GTU88+PCNT_1_000_000_max_C2_mask,38,361,351
RPE1wt_CEP152+GTU88+PCNT_1_000_000_max_C2_mask,39,351,376
RPE1wt_CEP152+GTU88+PCNT_1_000_000_max_C2_mask,40,74,1208
RPE1wt_CEP152+GTU88+PCNT_1_000_000_max_C2_mask,41,71,1203
RPE1wt_CEP152+GTU88+PCNT_1_000_000_max_C2_mask,42,54,830
RPE1wt_CEP152+GTU88+PCNT_1_000_000_max_C2_mask,43,48,832
RPE1wt_CEP63+CETN2+PCNT_1_004_003_max_C1_mask,0,2008,872
RPE1wt_CEP63+CETN2+PCNT_1_004_003_max_C1_mask,1,2002,881
RPE1wt_CEP63+CETN2+PCNT_1_004_003_max_C1_mask,2,1927,846
RPE1wt_CEP63+CETN2+PCNT_1_004_003_max_C1_mask,3,1921,844
RPE1wt_CEP63+CETN2+PCNT_1_004_003_max_C1_mask,4,1878,1771
RPE1wt_CEP63+CETN2+PCNT_1_004_003_max_C1_mask,5,1871,1773
RPE1wt_CEP63+CETN2+PCNT_1_004_003_max_C1_mask,6,1751,509
RPE1wt_CEP63+CETN2+PCNT_1_004_003_max_C1_mask,7,1740,505
RPE1wt_CEP63+CETN2+PCNT_1_004_003_max_C1_mask,8,1723,1269
RPE1wt_CEP63+CETN2+PCNT_1_004_003_max_C1_mask,9,1715,1269
RPE1wt_CEP63+CETN2+PCNT_1_004_003_max_C1_mask,10,1471,1480
RPE1wt_CEP63+CETN2+PCNT_1_004_003_max_C1_mask,11,1462,1484
RPE1wt_CEP63+CETN2+PCNT_1_004_003_max_C1_mask,12,1315,1979
RPE1wt_CEP63+CETN2+PCNT_1_004_003_max_C1_mask,13,1314,1975
RPE1wt_CEP63+CETN2+PCNT_1_004_003_max_C1_mask,14,1218,1215
RPE1wt_CEP63+CETN2+PCNT_1_004_003_max_C1_mask,15,1151,1433
RPE1wt_CEP63+CETN2+PCNT_1_004_003_max_C1_mask,16,1138,1283
RPE1wt_CEP63+CETN2+PCNT_1_004_003_max_C1_mask,17,890,1301
RPE1wt_CEP63+CETN2+PCNT_1_004_003_max_C1_mask,18,852,957
RPE1wt_CEP63+CETN2+PCNT_1_004_003_max_C1_mask,19,768,1348
RPE1wt_CEP63+CETN2+PCNT_1_004_003_max_C1_mask,20,768,416
RPE1wt_CEP63+CETN2+PCNT_1_004_003_max_C1_mask,21,767,416
RPE1wt_CEP63+CETN2+PCNT_1_004_003_max_C1_mask,22,764,1348
RPE1wt_CEP63+CETN2+PCNT_1_004_003_max_C1_mask,23,752,1230
RPE1wt_CEP63+CETN2+PCNT_1_004_003_max_C1_mask,24,738,902
RPE1wt_CEP63+CETN2+PCNT_1_004_003_max_C1_mask,25,730,904
RPE1wt_CEP63+CETN2+PCNT_1_004_003_max_C1_mask,26,678,1146
RPE1wt_CEP63+CETN2+PCNT_1_004_003_max_C1_mask,27,637,1288
RPE1wt_CEP63+CETN2+PCNT_1_004_003_max_C1_mask,28,536,1288
RPE1wt_CEP63+CETN2+PCNT_1_004_003_max_C1_mask,29,493,670
RPE1wt_CEP63+CETN2+PCNT_1_004_003_max_C1_mask,30,482,1086
RPE1wt_CEP63+CETN2+PCNT_1_004_003_max_C1_mask,31,469,257
RPE1wt_CEP63+CETN2+PCNT_1_004_003_max_C1_mask,32,421,1764
RPE1wt_CEP63+CETN2+PCNT_1_004_003_max_C1_mask,33,419,1769
RPE1wt_CEP63+CETN2+PCNT_1_004_003_max_C1_mask,34,314,187
RPE1wt_CEP63+CETN2+PCNT_1_004_003_max_C1_mask,35,313,180
RPE1wt_CEP63+CETN2+PCNT_1_004_003_max_C1_mask,36,295,973
RPE1wt_CEP63+CETN2+PCNT_1_004_003_max_C1_mask,37,224,787
RPE1wt_CEP63+CETN2+PCNT_1_004_003_max_C1_mask,38,218,454
RPE1wt_CEP63+CETN2+PCNT_1_004_003_max_C1_mask,39,213,454
RPE1wt_CEP63+CETN2+PCNT_1_004_003_max_C1_mask,40,191,1481
RPE1wt_CEP63+CETN2+PCNT_1_004_003_max_C1_mask,41,186,1481
RPE1wt_CEP63+CETN2+PCNT_1_004_003_max_C1_mask,42,113,1846
RPE1wt_CEP63+CETN2+PCNT_1_004_003_max_C1_mask,43,108,1843
RPE1wt_CEP63+CETN2+PCNT_1_004_003_max_C1_mask,44,15,1294
RPE1wt_CEP152+GTU88+PCNT_1_003_000_max_C3_mask,0,1983,1170
RPE1wt_CEP152+GTU88+PCNT_1_003_000_max_C3_mask,1,1980,1173
RPE1wt_CEP152+GTU88+PCNT_1_003_000_max_C3_mask,2,1946,684
RPE1wt_CEP152+GTU88+PCNT_1_003_000_max_C3_mask,3,1946,691
RPE1wt_CEP152+GTU88+PCNT_1_003_000_max_C3_mask,4,1702,153
RPE1wt_CEP152+GTU88+PCNT_1_003_000_max_C3_mask,5,1695,154
RPE1wt_CEP152+GTU88+PCNT_1_003_000_max_C3_mask,6,1679,522
RPE1wt_CEP152+GTU88+PCNT_1_003_000_max_C3_mask,7,1678,528
RPE1wt_CEP152+GTU88+PCNT_1_003_000_max_C3_mask,8,1640,1099
RPE1wt_CEP152+GTU88+PCNT_1_003_000_max_C3_mask,9,1632,1339
RPE1wt_CEP152+GTU88+PCNT_1_003_000_max_C3_mask,10,1630,1345
RPE1wt_CEP152+GTU88+PCNT_1_003_000_max_C3_mask,11,1566,1329
RPE1wt_CEP152+GTU88+PCNT_1_003_000_max_C3_mask,12,1539,224
RPE1wt_CEP152+GTU88+PCNT_1_003_000_max_C3_mask,13,1536,219
RPE1wt_CEP152+GTU88+PCNT_1_003_000_max_C3_mask,14,1509,1529
RPE1wt_CEP152+GTU88+PCNT_1_003_000_max_C3_mask,15,1307,1114
RPE1wt_CEP152+GTU88+PCNT_1_003_000_max_C3_mask,16,1298,1152
RPE1wt_CEP152+GTU88+PCNT_1_003_000_max_C3_mask,17,1291,1417
RPE1wt_CEP152+GTU88+PCNT_1_003_000_max_C3_mask,18,1291,644
RPE1wt_CEP152+GTU88+PCNT_1_003_000_max_C3_mask,19,1278,1415
RPE1wt_CEP152+GTU88+PCNT_1_003_000_max_C3_mask,20,1264,1775
RPE1wt_CEP152+GTU88+PCNT_1_003_000_max_C3_mask,21,1258,1777
RPE1wt_CEP152+GTU88+PCNT_1_003_000_max_C3_mask,22,1027,1570
RPE1wt_CEP152+GTU88+PCNT_1_003_000_max_C3_mask,23,1023,1574
RPE1wt_CEP152+GTU88+PCNT_1_003_000_max_C3_mask,24,951,47
RPE1wt_CEP152+GTU88+PCNT_1_003_000_max_C3_mask,25,948,909
RPE1wt_CEP152+GTU88+PCNT_1_003_000_max_C3_mask,26,948,54
RPE1wt_CEP152+GTU88+PCNT_1_003_000_max_C3_mask,27,946,915
RPE1wt_CEP152+GTU88+PCNT_1_003_000_max_C3_mask,28,853,1838
RPE1wt_CEP152+GTU88+PCNT_1_003_000_max_C3_mask,29,773,1348
RPE1wt_CEP152+GTU88+PCNT_1_003_000_max_C3_mask,30,757,360
RPE1wt_CEP152+GTU88+PCNT_1_003_000_max_C3_mask,31,749,361
RPE1wt_CEP152+GTU88+PCNT_1_003_000_max_C3_mask,32,728,826
RPE1wt_CEP152+GTU88+PCNT_1_003_000_max_C3_mask,33,690,1611
RPE1wt_CEP152+GTU88+PCNT_1_003_000_max_C3_mask,34,686,1606
RPE1wt_CEP152+GTU88+PCNT_1_003_000_max_C3_mask,35,677,1596
RPE1wt_CEP152+GTU88+PCNT_1_003_000_max_C3_mask,36,646,546
RPE1wt_CEP152+GTU88+PCNT_1_003_000_max_C3_mask,37,633,1009
RPE1wt_CEP152+GTU88+PCNT_1_003_000_max_C3_mask,38,582,1861
RPE1wt_CEP152+GTU88+PCNT_1_003_000_max_C3_mask,39,575,1861
RPE1wt_CEP152+GTU88+PCNT_1_003_000_max_C3_mask,40,457,1326
RPE1wt_CEP152+GTU88+PCNT_1_003_000_max_C3_mask,41,351,587
RPE1wt_CEP152+GTU88+PCNT_1_003_000_max_C3_mask,42,346,581
RPE1wt_CEP152+GTU88+PCNT_1_003_000_max_C3_mask,43,316,1762
RPE1wt_CEP152+GTU88+PCNT_1_003_000_max_C3_mask,44,312,1757
RPE1wt_CEP152+GTU88+PCNT_1_003_000_max_C3_mask,45,312,1764
RPE1wt_CEP152+GTU88+PCNT_1_003_000_max_C3_mask,46,279,987
RPE1wt_CEP152+GTU88+PCNT_1_003_000_max_C3_mask,47,275,980
RPE1wt_CEP152+GTU88+PCNT_1_003_000_max_C3_mask,48,229,1210
RPE1wt_CEP152+GTU88+PCNT_1_003_000_max_C3_mask,49,182,122
RPE1wt_CEP152+GTU88+PCNT_1_003_000_max_C3_mask,50,123,1275
RPE1wt_CEP152+GTU88+PCNT_1_003_000_max_C3_mask,51,39,944
RPE1wt_CEP152+GTU88+PCNT_1_003_000_max_C3_mask,52,19,1659
RPE1wt_CEP152+GTU88+PCNT_1_003_000_max_C3_mask,53,11,1659
RPE1wt_CP110+GTU88+PCNT_2_002_001_max_C1_mask,0,1997,1730
RPE1wt_CP110+GTU88+PCNT_2_002_001_max_C1_mask,1,1994,1737
RPE1wt_CP110+GTU88+PCNT_2_002_001_max_C1_mask,2,1976,701
RPE1wt_CP110+GTU88+PCNT_2_002_001_max_C1_mask,3,1924,73
RPE1wt_CP110+GTU88+PCNT_2_002_001_max_C1_mask,4,1924,62
RPE1wt_CP110+GTU88+PCNT_2_002_001_max_C1_mask,5,1920,59
RPE1wt_CP110+GTU88+PCNT_2_002_001_max_C1_mask,6,1918,430
RPE1wt_CP110+GTU88+PCNT_2_002_001_max_C1_mask,7,1894,1413
RPE1wt_CP110+GTU88+PCNT_2_002_001_max_C1_mask,8,1891,1407
RPE1wt_CP110+GTU88+PCNT_2_002_001_max_C1_mask,9,1786,1823
RPE1wt_CP110+GTU88+PCNT_2_002_001_max_C1_mask,10,1711,1038
RPE1wt_CP110+GTU88+PCNT_2_002_001_max_C1_mask,11,1708,1046
RPE1wt_CP110+GTU88+PCNT_2_002_001_max_C1_mask,12,1603,1421
RPE1wt_CP110+GTU88+PCNT_2_002_001_max_C1_mask,13,1594,1413
RPE1wt_CP110+GTU88+PCNT_2_002_001_max_C1_mask,14,1550,1232
RPE1wt_CP110+GTU88+PCNT_2_002_001_max_C1_mask,15,1467,703
RPE1wt_CP110+GTU88+PCNT_2_002_001_max_C1_mask,16,1462,699
RPE1wt_CP110+GTU88+PCNT_2_002_001_max_C1_mask,17,1368,309
RPE1wt_CP110+GTU88+PCNT_2_002_001_max_C1_mask,18,1359,313
RPE1wt_CP110+GTU88+PCNT_2_002_001_max_C1_mask,19,1358,823
RPE1wt_CP110+GTU88+PCNT_2_002_001_max_C1_mask,20,1325,851
RPE1wt_CP110+GTU88+PCNT_2_002_001_max_C1_mask,21,1147,196
RPE1wt_CP110+GTU88+PCNT_2_002_001_max_C1_mask,22,1098,785
RPE1wt_CP110+GTU88+PCNT_2_002_001_max_C1_mask,23,1032,1530
RPE1wt_CP110+GTU88+PCNT_2_002_001_max_C1_mask,24,1031,1516
RPE1wt_CP110+GTU88+PCNT_2_002_001_max_C1_mask,25,1024,1528
RPE1wt_CP110+GTU88+PCNT_2_002_001_max_C1_mask,26,1024,1523
RPE1wt_CP110+GTU88+PCNT_2_002_001_max_C1_mask,27,1018,1532
RPE1wt_CP110+GTU88+PCNT_2_002_001_max_C1_mask,28,1014,1522
RPE1wt_CP110+GTU88+PCNT_2_002_001_max_C1_mask,29,1013,1528
RPE1wt_CP110+GTU88+PCNT_2_002_001_max_C1_mask,30,915,680
RPE1wt_CP110+GTU88+PCNT_2_002_001_max_C1_mask,31,898,306
RPE1wt_CP110+GTU88+PCNT_2_002_001_max_C1_mask,32,891,311
RPE1wt_CP110+GTU88+PCNT_2_002_001_max_C1_mask,33,890,306
RPE1wt_CP110+GTU88+PCNT_2_002_001_max_C1_mask,34,866,462
RPE1wt_CP110+GTU88+PCNT_2_002_001_max_C1_mask,35,687,907
RPE1wt_CP110+GTU88+PCNT_2_002_001_max_C1_mask,36,654,667
RPE1wt_CP110+GTU88+PCNT_2_002_001_max_C1_mask,37,654,662
RPE1wt_CP110+GTU88+PCNT_2_002_001_max_C1_mask,38,650,669
RPE1wt_CP110+GTU88+PCNT_2_002_001_max_C1_mask,39,646,670
RPE1wt_CP110+GTU88+PCNT_2_002_001_max_C1_mask,40,537,436
RPE1wt_CP110+GTU88+PCNT_2_002_001_max_C1_mask,41,493,442
RPE1wt_CP110+GTU88+PCNT_2_002_001_max_C1_mask,42,490,811
RPE1wt_CP110+GTU88+PCNT_2_002_001_max_C1_mask,43,434,1293
RPE1wt_CP110+GTU88+PCNT_2_002_001_max_C1_mask,44,428,1291
RPE1wt_CP110+GTU88+PCNT_2_002_001_max_C1_mask,45,358,824
RPE1wt_CP110+GTU88+PCNT_2_002_001_max_C1_mask,46,357,839
RPE1wt_CP110+GTU88+PCNT_2_002_001_max_C1_mask,47,251,1324
RPE1wt_CP110+GTU88+PCNT_2_002_001_max_C1_mask,48,248,1328
RPE1wt_CP110+GTU88+PCNT_2_002_001_max_C1_mask,49,178,403
RPE1wt_CP110+GTU88+PCNT_2_002_001_max_C1_mask,50,173,400
RPE1wt_CP110+GTU88+PCNT_2_002_001_max_C1_mask,51,164,1770
RPE1wt_CP110+GTU88+PCNT_2_002_001_max_C1_mask,52,162,1774
RPE1wt_CP110+GTU88+PCNT_2_002_001_max_C1_mask,53,157,1768
RPE1wt_CP110+GTU88+PCNT_2_002_001_max_C1_mask,54,155,1764
RPE1wt_CP110+GTU88+PCNT_2_002_001_max_C1_mask,55,115,869
RPE1wt_CP110+GTU88+PCNT_2_002_001_max_C1_mask,56,106,867
RPE1wt_CP110+GTU88+PCNT_2_002_001_max_C1_mask,57,85,615
RPE1wt_CP110+GTU88+PCNT_2_002_001_max_C1_mask,58,78,622
RPE1wt_CP110+GTU88+PCNT_2_002_001_max_C1_mask,59,52,1550
RPE1wt_CP110+GTU88+PCNT_2_002_001_max_C1_mask,60,32,21
RPE1wt_CP110+GTU88+PCNT_2_002_001_max_C1_mask,61,29,24
RPE1wt_CP110+GTU88+PCNT_2_002_001_max_C1_mask,62,27,211
RPE1wt_CP110+GTU88+PCNT_2_002_001_max_C1_mask,63,22,23
RPE1wt_CP110+GTU88+PCNT_2_002_001_max_C1_mask,64,21,210
RPE1wt_CP110+GTU88+PCNT_2_002_001_max_C1_mask,65,5,176
RPE1wt_CP110+GTU88+PCNT_2_002_001_max_C1_mask,66,0,171
RPE1wt_CEP63+CETN2+PCNT_1_000_000_max_C2_mask,0,2012,1240
RPE1wt_CEP63+CETN2+PCNT_1_000_000_max_C2_mask,1,1955,847
RPE1wt_CEP63+CETN2+PCNT_1_000_000_max_C2_mask,2,1948,848
RPE1wt_CEP63+CETN2+PCNT_1_000_000_max_C2_mask,3,1893,132
RPE1wt_CEP63+CETN2+PCNT_1_000_000_max_C2_mask,4,1883,1505
RPE1wt_CEP63+CETN2+PCNT_1_000_000_max_C2_mask,5,1880,1509
RPE1wt_CEP63+CETN2+PCNT_1_000_000_max_C2_mask,6,1876,130
RPE1wt_CEP63+CETN2+PCNT_1_000_000_max_C2_mask,7,1851,1084
RPE1wt_CEP63+CETN2+PCNT_1_000_000_max_C2_mask,8,1846,1081
RPE1wt_CEP63+CETN2+PCNT_1_000_000_max_C2_mask,9,1796,824
RPE1wt_CEP63+CETN2+PCNT_1_000_000_max_C2_mask,10,1791,1890
RPE1wt_CEP63+CETN2+PCNT_1_000_000_max_C2_mask,11,1784,1890
RPE1wt_CEP63+CETN2+PCNT_1_000_000_max_C2_mask,12,1639,388
RPE1wt_CEP63+CETN2+PCNT_1_000_000_max_C2_mask,13,1638,394
RPE1wt_CEP63+CETN2+PCNT_1_000_000_max_C2_mask,14,1597,1083
RPE1wt_CEP63+CETN2+PCNT_1_000_000_max_C2_mask,15,1593,1077
RPE1wt_CEP63+CETN2+PCNT_1_000_000_max_C2_mask,16,1551,1647
RPE1wt_CEP63+CETN2+PCNT_1_000_000_max_C2_mask,17,1544,1643
RPE1wt_CEP63+CETN2+PCNT_1_000_000_max_C2_mask,18,1522,1629
RPE1wt_CEP63+CETN2+PCNT_1_000_000_max_C2_mask,19,1484,1392
RPE1wt_CEP63+CETN2+PCNT_1_000_000_max_C2_mask,20,1479,1387
RPE1wt_CEP63+CETN2+PCNT_1_000_000_max_C2_mask,21,1434,617
RPE1wt_CEP63+CETN2+PCNT_1_000_000_max_C2_mask,22,1380,1085
RPE1wt_CEP63+CETN2+PCNT_1_000_000_max_C2_mask,23,1378,1079
RPE1wt_CEP63+CETN2+PCNT_1_000_000_max_C2_mask,24,1300,1948
RPE1wt_CEP63+CETN2+PCNT_1_000_000_max_C2_mask,25,1295,1955
RPE1wt_CEP63+CETN2+PCNT_1_000_000_max_C2_mask,26,1275,1553
RPE1wt_CEP63+CETN2+PCNT_1_000_000_max_C2_mask,27,1269,1553
RPE1wt_CEP63+CETN2+PCNT_1_000_000_max_C2_mask,28,1029,1340
RPE1wt_CEP63+CETN2+PCNT_1_000_000_max_C2_mask,29,999,548
RPE1wt_CEP63+CETN2+PCNT_1_000_000_max_C2_mask,30,990,546
RPE1wt_CEP63+CETN2+PCNT_1_000_000_max_C2_mask,31,951,268
RPE1wt_CEP63+CETN2+PCNT_1_000_000_max_C2_mask,32,942,268
RPE1wt_CEP63+CETN2+PCNT_1_000_000_max_C2_mask,33,940,263
RPE1wt_CEP63+CETN2+PCNT_1_000_000_max_C2_mask,34,924,1654
RPE1wt_CEP63+CETN2+PCNT_1_000_000_max_C2_mask,35,925,1377
RPE1wt_CEP63+CETN2+PCNT_1_000_000_max_C2_mask,36,923,1073
RPE1wt_CEP63+CETN2+PCNT_1_000_000_max_C2_mask,37,919,1667
RPE1wt_CEP63+CETN2+PCNT_1_000_000_max_C2_mask,38,919,1070
RPE1wt_CEP63+CETN2+PCNT_1_000_000_max_C2_mask,39,854,1027
RPE1wt_CEP63+CETN2+PCNT_1_000_000_max_C2_mask,40,849,1033
RPE1wt_CEP63+CETN2+PCNT_1_000_000_max_C2_mask,41,819,1768
RPE1wt_CEP63+CETN2+PCNT_1_000_000_max_C2_mask,42,816,1771
RPE1wt_CEP63+CETN2+PCNT_1_000_000_max_C2_mask,43,528,658
RPE1wt_CEP63+CETN2+PCNT_1_000_000_max_C2_mask,44,501,626
RPE1wt_CEP63+CETN2+PCNT_1_000_000_max_C2_mask,45,498,632
RPE1wt_CEP63+CETN2+PCNT_1_000_000_max_C2_mask,46,439,1435
RPE1wt_CEP63+CETN2+PCNT_1_000_000_max_C2_mask,47,439,1058
RPE1wt_CEP63+CETN2+PCNT_1_000_000_max_C2_mask,48,434,1063
RPE1wt_CEP63+CETN2+PCNT_1_000_000_max_C2_mask,49,430,1437
RPE1wt_CEP63+CETN2+PCNT_1_000_000_max_C2_mask,50,418,1810
RPE1wt_CEP63+CETN2+PCNT_1_000_000_max_C2_mask,51,413,1804
RPE1wt_CEP63+CETN2+PCNT_1_000_000_max_C2_mask,52,411,1808
RPE1wt_CEP63+CETN2+PCNT_1_000_000_max_C2_mask,53,325,1975
RPE1wt_CEP63+CETN2+PCNT_1_000_000_max_C2_mask,54,317,1981
RPE1wt_CEP63+CETN2+PCNT_1_000_000_max_C2_mask,55,297,177
RPE1wt_CEP63+CETN2+PCNT_1_000_000_max_C2_mask,56,292,174
RPE1wt_CEP63+CETN2+PCNT_1_000_000_max_C2_mask,57,164,937
RPE1wt_CEP63+CETN2+PCNT_1_000_000_max_C2_mask,58,164,931
RPE1wt_CEP63+CETN2+PCNT_1_000_000_max_C2_mask,59,68,1299
RPE1wt_CEP63+CETN2+PCNT_1_000_000_max_C2_mask,60,57,1292
RPE1wt_CEP63+CETN2+PCNT_1_000_000_max_C2_mask,61,56,722
RPE1wt_CEP63+CETN2+PCNT_1_000_000_max_C2_mask,62,43,718
RPE1wt_CEP63+CETN2+PCNT_1_002_000_max_C2_mask,0,2039,934
RPE1wt_CEP63+CETN2+PCNT_1_002_000_max_C2_mask,1,1854,469
RPE1wt_CEP63+CETN2+PCNT_1_002_000_max_C2_mask,2,1852,464
RPE1wt_CEP63+CETN2+PCNT_1_002_000_max_C2_mask,3,1845,1317
RPE1wt_CEP63+CETN2+PCNT_1_002_000_max_C2_mask,4,1837,1319
RPE1wt_CEP63+CETN2+PCNT_1_002_000_max_C2_mask,5,1773,1665
RPE1wt_CEP63+CETN2+PCNT_1_002_000_max_C2_mask,6,1767,1666
RPE1wt_CEP63+CETN2+PCNT_1_002_000_max_C2_mask,7,1710,1712
RPE1wt_CEP63+CETN2+PCNT_1_002_000_max_C2_mask,8,1577,890
RPE1wt_CEP63+CETN2+PCNT_1_002_000_max_C2_mask,9,1574,898
RPE1wt_CEP63+CETN2+PCNT_1_002_000_max_C2_mask,10,1543,511
RPE1wt_CEP63+CETN2+PCNT_1_002_000_max_C2_mask,11,1537,513
RPE1wt_CEP63+CETN2+PCNT_1_002_000_max_C2_mask,12,1533,1167
RPE1wt_CEP63+CETN2+PCNT_1_002_000_max_C2_mask,13,1528,1168
RPE1wt_CEP63+CETN2+PCNT_1_002_000_max_C2_mask,14,1495,2019
RPE1wt_CEP63+CETN2+PCNT_1_002_000_max_C2_mask,15,1490,2013
RPE1wt_CEP63+CETN2+PCNT_1_002_000_max_C2_mask,16,1488,2016
RPE1wt_CEP63+CETN2+PCNT_1_002_000_max_C2_mask,17,1461,325
RPE1wt_CEP63+CETN2+PCNT_1_002_000_max_C2_mask,18,1454,327
RPE1wt_CEP63+CETN2+PCNT_1_002_000_max_C2_mask,19,1441,1619
RPE1wt_CEP63+CETN2+PCNT_1_002_000_max_C2_mask,20,1410,1640
RPE1wt_CEP63+CETN2+PCNT_1_002_000_max_C2_mask,21,1405,1636
RPE1wt_CEP63+CETN2+PCNT_1_002_000_max_C2_mask,22,1154,295
RPE1wt_CEP63+CETN2+PCNT_1_002_000_max_C2_mask,23,1148,300
RPE1wt_CEP63+CETN2+PCNT_1_002_000_max_C2_mask,24,1113,82
RPE1wt_CEP63+CETN2+PCNT_1_002_000_max_C2_mask,25,1023,613
RPE1wt_CEP63+CETN2+PCNT_1_002_000_max_C2_mask,26,995,494
